Geographic Area,Job No,Job Description,Phase No,Phase Description,Cost Code,Cost Code Description,Source,Date,Class,Category,Dollars,Hours/Units,Comment,Quantity, % ,Type
WY - Wyoming,="    170925","Circle M Ranch Build","         1","NO PHASE","       195","Fuel/Parking/Mileage","A/P",05/04/2020,"OTH"," ",34.54,"0","11427 WEX Enterprise Fleet Mngt",0,0,""
WY - Wyoming,="    170925","Circle M Ranch Build","         1","NO PHASE","       195","Fuel/Parking/Mileage","A/P",05/21/2020,"OTH"," ",31.10,"0","11427 WEX Enterprise Fleet Mngt",0,0,""
WY - Wyoming,="    170925","Circle M Ranch Build","         1","NO PHASE","      2200","Plumbing Misc","A/P",05/04/2020,"MAT"," ",39.20,"0","11200 Marshall's Tile & Stone",0,0,""
WY - Wyoming,="    170925","Circle M Ranch Build","         1","NO PHASE","      2200","Plumbing Misc","A/P",05/04/2020,"OTH"," ",139.00,"0","MISC Servi-Tech Laboratories",0,0,""
WY - Wyoming,="    170925","Circle M Ranch Build","         1","NO PHASE","      2200","Plumbing Misc","AP2",05/07/2020,"OTH"," ",-2.78,"0","Discount on CO Lab Analysis fo",0,0,""
WY - Wyoming,="    170925","Circle M Ranch Build","         1","NO PHASE","      2210","Plumbing Rough-In","A/P",05/05/2020,"MAT"," ",6.30,"0","10363 Ferguson Enterprises Wyoming",0,0,""
WY - Wyoming,="    170925","Circle M Ranch Build","         1","NO PHASE","      2220","Plumbing Trim-Out","A/P",05/06/2020,"MAT"," ",29.77,"0","10315 Earth Elements",0,0,""
WY - Wyoming,="    170925","Circle M Ranch Build","         1","NO PHASE","      2220","Plumbing Trim-Out","A/P",05/17/2020,"MAT"," ",82.59,"0","10363 Ferguson Enterprises Wyoming",0,0,""
WY - Wyoming,="    170925","Circle M Ranch Build","         1","NO PHASE","      2220","Plumbing Trim-Out","A/P",05/19/2020,"MAT"," ",29.24,"0","10363 Ferguson Enterprises Wyoming",0,0,""
WY - Wyoming,="    170925","Circle M Ranch Build","         1","NO PHASE","      2241","Plumbing Trim & Fixtures","A/P",05/08/2020,"MAT"," ",81.02,"0","10315 Earth Elements",0,0,""
WY - Wyoming,="    170925","Circle M Ranch Build","         1","NO PHASE","      2370","Radiant","A/P",05/21/2020,"MAT"," ",53.75,"0","10363 Ferguson Enterprises Wyoming",0,0,""
WY - Wyoming,="    180399","Janney Build","         1","NO PHASE","      2309","Controls","A/P",05/05/2020,"MAT"," ",92.06,"0","10327 Electrical Wholesale ID",0,0,""
WY - Wyoming,="    180399","Janney Build","         1","NO PHASE","      2309","Controls","A/P",05/19/2020,"MAT"," ",-6.88,"0","11103 Wilson Gas",0,0,""
WY - Wyoming,="    180399","Janney Build","         1","NO PHASE","      2309","Controls","A/P",05/19/2020,"MAT"," ",6.88,"0","11103 Wilson Gas",0,0,""
WY - Wyoming,="    180399","Janney Build","         1","NO PHASE","      2309","Controls","A/P",05/19/2020,"MAT"," ",6.88,"0","11104 Wilson Hardware & Lumber",0,0,""
WY - Wyoming,="    180399","Janney Build","         1","NO PHASE","      2309","Controls","A/P",05/20/2020,"MAT"," ",9.90,"0","11104 Wilson Hardware & Lumber",0,0,""
WY - Wyoming,="    180399","Janney Build","         1","NO PHASE","      2309","Controls","A/P",05/27/2020,"MAT"," ",-4.74,"0","11103 Wilson Gas",0,0,""
WY - Wyoming,="    180399","Janney Build","         1","NO PHASE","      2309","Controls","A/P",05/27/2020,"MAT"," ",4.74,"0","11103 Wilson Gas",0,0,""
WY - Wyoming,="    180399","Janney Build","         1","NO PHASE","      2309","Controls","A/P",05/27/2020,"MAT"," ",4.74,"0","11104 Wilson Hardware & Lumber",0,0,""
WY - Wyoming,="    180399","Janney Build","         1","NO PHASE","      2330","HVAC Forced Air","A/P",05/25/2020,"SUB"," ",1365.60,"0","11141 E1 HVAC LLC",0,0,""
WY - Wyoming,="    180400","Bodman Build","         1","NO PHASE","       195","Fuel/Parking/Mileage","A/P",05/04/2020,"OTH"," ",55.24,"0","11427 WEX Enterprise Fleet Mngt",0,0,""
WY - Wyoming,="    180400","Bodman Build","         1","NO PHASE","       195","Fuel/Parking/Mileage","A/P",05/12/2020,"OTH"," ",63.01,"0","11427 WEX Enterprise Fleet Mngt",0,0,""
WY - Wyoming,="    180400","Bodman Build","         1","NO PHASE","      2210","Plumbing Rough-In","A/P",05/26/2020,"MAT"," ",337.20,"0","10921 Silver Creek Supply",0,0,""
WY - Wyoming,="    180400","Bodman Build","         1","NO PHASE","      2210","Plumbing Rough-In","A/P",05/29/2020,"MAT"," ",95.93,"0","10363 Ferguson Enterprises Wyoming",0,0,""
WY - Wyoming,="    180400","Bodman Build","         1","NO PHASE","      2241","Plumbing Fixtures (Hard Cost)","A/P",05/07/2020,"MAT"," ",-757.20,"0","10315 Earth Elements",0,0,""
WY - Wyoming,="    180400","Bodman Build","         1","NO PHASE","      2241","Plumbing Fixtures (Hard Cost)","A/P",05/17/2020,"MAT"," ",63.61,"0","10315 Earth Elements",0,0,""
WY - Wyoming,="    180400","Bodman Build","         1","NO PHASE","      2241","Plumbing Fixtures (Hard Cost)","A/P",05/21/2020,"MAT"," ",63.61,"0","10315 Earth Elements",0,0,""
WY - Wyoming,="    180400","Bodman Build","         1","NO PHASE","      2241","Plumbing Fixtures (Hard Cost)","A/P",05/25/2020,"MAT"," ",4562.65,"0","10315 Earth Elements",0,0,""
WY - Wyoming,="    180400","Bodman Build","         1","NO PHASE","      2330","HVAC Forced Air","A/P",05/25/2020,"SUB"," ",2631.75,"0","11141 E1 HVAC LLC",0,0,""
WY - Wyoming,="    180400","Bodman Build","         1","NO PHASE","      2370","Radiant","A/P",05/05/2020,"MAT"," ",-97.16,"0","10921 Silver Creek Supply",0,0,""
WY - Wyoming,="    180400","Bodman Build","         1","NO PHASE","      2370","Radiant","A/P",05/05/2020,"MAT"," ",8.98,"0","10363 Ferguson Enterprises Wyoming",0,0,""
WY - Wyoming,="    180400","Bodman Build","         1","NO PHASE","      2370","Radiant","A/P",05/05/2020,"MAT"," ",97.16,"0","10921 Silver Creek Supply",0,0,""
WY - Wyoming,="    180400","Bodman Build","         1","NO PHASE","      2370","Radiant","A/P",05/05/2020,"MAT"," ",97.16,"0","10921 Silver Creek Supply",0,0,""
WY - Wyoming,="    180400","Bodman Build","         1","NO PHASE","      2370","Radiant","A/P",05/06/2020,"MAT"," ",-19.08,"0","10921 Silver Creek Supply",0,0,""
WY - Wyoming,="    180400","Bodman Build","         1","NO PHASE","      2370","Radiant","A/P",05/06/2020,"MAT"," ",-18.72,"0","10921 Silver Creek Supply",0,0,""
WY - Wyoming,="    180400","Bodman Build","         1","NO PHASE","      2370","Radiant","A/P",05/06/2020,"MAT"," ",1.45,"0","10921 Silver Creek Supply",0,0,""
WY - Wyoming,="    180400","Bodman Build","         1","NO PHASE","      2370","Radiant","A/P",05/06/2020,"MAT"," ",18.72,"0","10921 Silver Creek Supply",0,0,""
WY - Wyoming,="    180400","Bodman Build","         1","NO PHASE","      2370","Radiant","A/P",05/06/2020,"MAT"," ",37.61,"0","10921 Silver Creek Supply",0,0,""
WY - Wyoming,="    180400","Bodman Build","         1","NO PHASE","      2370","Radiant","A/P",05/06/2020,"MAT"," ",262.27,"0","10921 Silver Creek Supply",0,0,""
WY - Wyoming,="    180400","Bodman Build","         1","NO PHASE","      2370","Radiant","A/P",05/06/2020,"MAT"," ",623.77,"0","10921 Silver Creek Supply",0,0,""
WY - Wyoming,="    180400","Bodman Build","         1","NO PHASE","      2370","Radiant","A/P",05/07/2020,"MAT"," ",112.37,"0","10921 Silver Creek Supply",0,0,""
WY - Wyoming,="    180400","Bodman Build","         1","NO PHASE","      2370","Radiant","A/P",05/18/2020,"MAT"," ",3855.69,"0","10921 Silver Creek Supply",0,0,""
WY - Wyoming,="    180400","Bodman Build","         1","NO PHASE","      2370","Radiant","A/P",05/21/2020,"MAT"," ",218.83,"0","10363 Ferguson Enterprises Wyoming",0,0,""
WY - Wyoming,="    190263","Teton Outlook Build","         1","NO PHASE","      2600","Electrical Install","A/P",05/07/2020,"MAT"," ",44.72,"0","10327 Electrical Wholesale ID",0,0,""
WY - Wyoming,="    190263","Teton Outlook Build","         1","NO PHASE","      2699","Electrical Add Scope","A/P",05/21/2020,"MAT"," ",7.56,"0","10819 Platt",0,0,""
WY - Wyoming,="    190565","Hopple Dexter Addition T&M","         1","NO PHASE","         1","General Costs","A/P",05/23/2020,"OTH"," ",9.85,"0","11438 PostalAnnex",0,0,""
WY - Wyoming,="    190565","Hopple Dexter Addition T&M","         1","NO PHASE","       195","Fuel/Parking/Mileage","A/P",05/04/2020,"OTH"," ",65.41,"0","11427 WEX Enterprise Fleet Mngt",0,0,""
WY - Wyoming,="    190565","Hopple Dexter Addition T&M","         1","NO PHASE","       195","Fuel/Parking/Mileage","A/P",05/12/2020,"OTH"," ",28.27,"0","11427 WEX Enterprise Fleet Mngt",0,0,""
WY - Wyoming,="    190565","Hopple Dexter Addition T&M","         1","NO PHASE","       195","Fuel/Parking/Mileage","A/P",05/21/2020,"OTH"," ",40.83,"0","11427 WEX Enterprise Fleet Mngt",0,0,""
WY - Wyoming,="    190565","Hopple Dexter Addition T&M","         1","NO PHASE","      2600","Electrical Install","A/P",05/04/2020,"MAT"," ",7.43,"0","10327 Electrical Wholesale ID",0,0,""
WY - Wyoming,="    190565","Hopple Dexter Addition T&M","         1","NO PHASE","      2600","Electrical Install","A/P",05/17/2020,"MAT"," ",2.86,"0","10327 Electrical Wholesale ID",0,0,""
WY - Wyoming,="    190565","Hopple Dexter Addition T&M","         1","NO PHASE","      2600","Electrical Install","A/P",05/17/2020,"MAT"," ",20.89,"0","10327 Electrical Wholesale ID",0,0,""
WY - Wyoming,="    190565","Hopple Dexter Addition T&M","         1","NO PHASE","      2600","Electrical Install","A/P",05/17/2020,"MAT"," ",66.11,"0","10327 Electrical Wholesale ID",0,0,""
WY - Wyoming,="    190565","Hopple Dexter Addition T&M","         1","NO PHASE","      2600","Electrical Install","A/P",05/18/2020,"MAT"," ",1.74,"0","10327 Electrical Wholesale ID",0,0,""
WY - Wyoming,="    190565","Hopple Dexter Addition T&M","         1","NO PHASE","      2600","Electrical Install","A/P",05/18/2020,"MAT"," ",6.91,"0","10327 Electrical Wholesale ID",0,0,""
WY - Wyoming,="    190565","Hopple Dexter Addition T&M","         1","NO PHASE","      2600","Electrical Install","A/P",05/18/2020,"MAT"," ",13.64,"0","10327 Electrical Wholesale ID",0,0,""
WY - Wyoming,="    190565","Hopple Dexter Addition T&M","         1","NO PHASE","      2600","Electrical Install","A/P",05/18/2020,"MAT"," ",187.07,"0","10327 Electrical Wholesale ID",0,0,""
WY - Wyoming,="    190565","Hopple Dexter Addition T&M","         1","NO PHASE","      2600","Electrical Install","A/P",05/21/2020,"MAT"," ",8.22,"0","10327 Electrical Wholesale ID",0,0,""
WY - Wyoming,="    190565","Hopple Dexter Addition T&M","         1","NO PHASE","      2600","Electrical Install","A/P",05/21/2020,"MAT"," ",28.66,"0","10327 Electrical Wholesale ID",0,0,""
WY - Wyoming,="    190565","Hopple Dexter Addition T&M","         1","NO PHASE","      2600","Electrical Install","G/J",05/25/2020,"MAT"," ",362.21,"0","Electrical materails frm200037",0,0,""
WY - Wyoming,="    190565","Hopple Dexter Addition T&M","         1","NO PHASE","      2600","Electrical Install","A/P",05/26/2020,"MAT"," ",9.28,"0","10327 Electrical Wholesale ID",0,0,""
WY - Wyoming,="    190565","Hopple Dexter Addition T&M","         1","NO PHASE","      2600","Electrical Install","A/P",05/27/2020,"MAT"," ",6.64,"0","10327 Electrical Wholesale ID",0,0,""
WY - Wyoming,="    190565","Hopple Dexter Addition T&M","         1","NO PHASE","      2600","Electrical Install","A/P",05/15/2020,"SUB"," ",276.10,"5.02","11141 E1 HVAC LLC",0,0,""
WY - Wyoming,="    200037","Hopple Dexter Main House T&M","         1","NO PHASE","      2600","Electrical Install","G/J",05/25/2020,"MAT"," ",-362.21,"0","moving to 190565",0,0,""
WY - Wyoming,="    200118","GRTE Moose Admin Design","         1","NO PHASE","         5","Engineering Misc","A/P",05/13/2020,"OTH"," ",67.50,"0","10745 NFPA",0,0,""
WY - Wyoming,="    200195","Pirate Ship Remodel","         1","NO PHASE","         5","Engineering Misc","A/P",05/14/2020,"OTH"," ",5.34,"0","10965 Stinky Prints",0,0,""
WY - Wyoming,="    200209","153 E. Kelly Plumbing","         1","NO PHASE","      2200","Plumbing Misc","A/P",05/20/2020,"REQ"," ",111.83,"0","10999 Teton Rental",0,0,""
WY - Wyoming,="    200209","153 E. Kelly Plumbing","         1","NO PHASE","      2210","Plumbing Rough-In","A/P",05/18/2020,"MAT"," ",114.62,"0","10548 Jackson Lumber",0,0,""
WY - Wyoming,="    200209","153 E. Kelly Plumbing","         1","NO PHASE","      2210","Plumbing Rough-In","A/P",05/19/2020,"MAT"," ",648.39,"0","10363 Ferguson Enterprises Wyoming",0,0,""
WY - Wyoming,="190253.01","Peak Mountain Mechanical","         1","NO PHASE","      2330","HVAC Forced Air","A/P",05/10/2020,"SUB"," ",3303.48,"0","11141 E1 HVAC LLC",0,0,""
WY - Wyoming,="190253.02","Peak Mountain Electrical","         1","NO PHASE","       195","Fuel/Parking/Mileage","A/P",05/04/2020,"OTH"," ",73.23,"0","11427 WEX Enterprise Fleet Mngt",0,0,""
WY - Wyoming,="190253.02","Peak Mountain Electrical","         1","NO PHASE","       195","Fuel/Parking/Mileage","A/P",05/12/2020,"OTH"," ",58.01,"0","11427 WEX Enterprise Fleet Mngt",0,0,""
WY - Wyoming,="190253.02","Peak Mountain Electrical","         1","NO PHASE","       195","Fuel/Parking/Mileage","A/P",05/21/2020,"OTH"," ",106.53,"0","11427 WEX Enterprise Fleet Mngt",0,0,""
WY - Wyoming,="190253.02","Peak Mountain Electrical","         1","NO PHASE","      2600","Electrical Install","A/P",05/06/2020,"MAT"," ",255.70,"0","10327 Electrical Wholesale ID",0,0,""
WY - Wyoming,="190253.02","Peak Mountain Electrical","         1","NO PHASE","      2600","Electrical Install","A/P",05/06/2020,"MAT"," ",1114.56,"0","10327 Electrical Wholesale ID",0,0,""
WY - Wyoming,="190253.02","Peak Mountain Electrical","         1","NO PHASE","      2600","Electrical Install","A/P",05/07/2020,"MAT"," ",-1087.16,"0","10327 Electrical Wholesale ID",0,0,""
WY - Wyoming,="190253.02","Peak Mountain Electrical","         1","NO PHASE","      2600","Electrical Install","A/P",05/07/2020,"MAT"," ",-1076.76,"0","10327 Electrical Wholesale ID",0,0,""
WY - Wyoming,="190253.02","Peak Mountain Electrical","         1","NO PHASE","      2600","Electrical Install","A/P",05/07/2020,"MAT"," ",9.41,"0","10327 Electrical Wholesale ID",0,0,""
WY - Wyoming,="190253.02","Peak Mountain Electrical","         1","NO PHASE","      2600","Electrical Install","A/P",05/07/2020,"MAT"," ",13.89,"0","10327 Electrical Wholesale ID",0,0,""
WY - Wyoming,="190253.02","Peak Mountain Electrical","         1","NO PHASE","      2600","Electrical Install","A/P",05/07/2020,"MAT"," ",111.48,"0","10327 Electrical Wholesale ID",0,0,""
WY - Wyoming,="190253.02","Peak Mountain Electrical","         1","NO PHASE","      2600","Electrical Install","A/P",05/07/2020,"MAT"," ",673.10,"0","10327 Electrical Wholesale ID",0,0,""
WY - Wyoming,="190253.02","Peak Mountain Electrical","         1","NO PHASE","      2600","Electrical Install","A/P",05/07/2020,"MAT"," ",1076.76,"0","10327 Electrical Wholesale ID",0,0,""
WY - Wyoming,="190253.02","Peak Mountain Electrical","         1","NO PHASE","      2600","Electrical Install","A/P",05/08/2020,"MAT"," ",23.33,"0","10363 Ferguson Enterprises Wyoming",0,0,""
WY - Wyoming,="190253.02","Peak Mountain Electrical","         1","NO PHASE","      2600","Electrical Install","A/P",05/08/2020,"MAT"," ",62.85,"0","10327 Electrical Wholesale ID",0,0,""
WY - Wyoming,="190253.02","Peak Mountain Electrical","         1","NO PHASE","      2600","Electrical Install","A/P",05/11/2020,"MAT"," ",7.83,"0","10123 Bison Lumber",0,0,""
WY - Wyoming,="190253.02","Peak Mountain Electrical","         1","NO PHASE","      2600","Electrical Install","A/P",05/11/2020,"MAT"," ",106.81,"0","10921 Silver Creek Supply",0,0,""
WY - Wyoming,="190253.02","Peak Mountain Electrical","         1","NO PHASE","      2600","Electrical Install","A/P",05/17/2020,"MAT"," ",-1.36,"0","10327 Electrical Wholesale ID",0,0,""
WY - Wyoming,="190253.02","Peak Mountain Electrical","         1","NO PHASE","      2600","Electrical Install","A/P",05/17/2020,"MAT"," ",1.36,"0","10327 Electrical Wholesale ID",0,0,""
WY - Wyoming,="190253.02","Peak Mountain Electrical","         1","NO PHASE","      2600","Electrical Install","A/P",05/17/2020,"MAT"," ",3.60,"0","10327 Electrical Wholesale ID",0,0,""
WY - Wyoming,="190253.02","Peak Mountain Electrical","         1","NO PHASE","      2600","Electrical Install","A/P",05/17/2020,"MAT"," ",18.13,"0","10327 Electrical Wholesale ID",0,0,""
WY - Wyoming,="190253.02","Peak Mountain Electrical","         1","NO PHASE","      2600","Electrical Install","A/P",05/17/2020,"MAT"," ",24.09,"0","10327 Electrical Wholesale ID",0,0,""
WY - Wyoming,="190253.02","Peak Mountain Electrical","         1","NO PHASE","      2600","Electrical Install","A/P",05/17/2020,"MAT"," ",30.11,"0","10327 Electrical Wholesale ID",0,0,""
WY - Wyoming,="190253.02","Peak Mountain Electrical","         1","NO PHASE","      2600","Electrical Install","A/P",05/17/2020,"MAT"," ",37.89,"0","10363 Ferguson Enterprises Wyoming",0,0,""
WY - Wyoming,="190253.02","Peak Mountain Electrical","         1","NO PHASE","      2600","Electrical Install","A/P",05/17/2020,"MAT"," ",45.47,"0","10327 Electrical Wholesale ID",0,0,""
WY - Wyoming,="190253.02","Peak Mountain Electrical","         1","NO PHASE","      2600","Electrical Install","A/P",05/17/2020,"MAT"," ",74.30,"0","10327 Electrical Wholesale ID",0,0,""
WY - Wyoming,="190253.02","Peak Mountain Electrical","         1","NO PHASE","      2600","Electrical Install","A/P",05/17/2020,"MAT"," ",103.78,"0","10327 Electrical Wholesale ID",0,0,""
WY - Wyoming,="190253.02","Peak Mountain Electrical","         1","NO PHASE","      2600","Electrical Install","A/P",05/17/2020,"MAT"," ",210.21,"0","10327 Electrical Wholesale ID",0,0,""
WY - Wyoming,="190253.02","Peak Mountain Electrical","         1","NO PHASE","      2600","Electrical Install","A/P",05/17/2020,"MAT"," ",277.97,"0","10327 Electrical Wholesale ID",0,0,""
WY - Wyoming,="190253.02","Peak Mountain Electrical","         1","NO PHASE","      2600","Electrical Install","A/P",05/17/2020,"MAT"," ",530.00,"0","10327 Electrical Wholesale ID",0,0,""
WY - Wyoming,="190253.02","Peak Mountain Electrical","         1","NO PHASE","      2600","Electrical Install","A/P",05/17/2020,"MAT"," ",2529.10,"0","10327 Electrical Wholesale ID",0,0,""
WY - Wyoming,="190253.02","Peak Mountain Electrical","         1","NO PHASE","      2600","Electrical Install","A/P",05/18/2020,"MAT"," ",-246.37,"0","10327 Electrical Wholesale ID",0,0,""
WY - Wyoming,="190253.02","Peak Mountain Electrical","         1","NO PHASE","      2600","Electrical Install","A/P",05/18/2020,"MAT"," ",-5.05,"0","10011 Ace Hardware",0,0,""
WY - Wyoming,="190253.02","Peak Mountain Electrical","         1","NO PHASE","      2600","Electrical Install","A/P",05/18/2020,"MAT"," ",5.05,"0","10011 Ace Hardware",0,0,""
WY - Wyoming,="190253.02","Peak Mountain Electrical","         1","NO PHASE","      2600","Electrical Install","A/P",05/18/2020,"MAT"," ",5.05,"0","10541 Jackson Ace Hardware",0,0,""
WY - Wyoming,="190253.02","Peak Mountain Electrical","         1","NO PHASE","      2600","Electrical Install","A/P",05/19/2020,"MAT"," ",1.52,"0","10327 Electrical Wholesale ID",0,0,""
WY - Wyoming,="190253.02","Peak Mountain Electrical","         1","NO PHASE","      2699","Electrical Add Scope","A/P",05/17/2020,"MAT"," ",44.49,"0","10327 Electrical Wholesale ID",0,0,""
WY - Wyoming,="190253.02","Peak Mountain Electrical","         1","NO PHASE","      2699","Electrical Add Scope","A/P",05/28/2020,"MAT"," ",1004.88,"0","10327 Electrical Wholesale ID",0,0,""
WY - Wyoming,="190253.03","Peak Mountain Plumbing","         1","NO PHASE","      2210","Plumbing Rough-In","A/P",05/08/2020,"MAT"," ",65.62,"0","10363 Ferguson Enterprises Wyoming",0,0,""
WY - Wyoming,="190253.03","Peak Mountain Plumbing","         1","NO PHASE","      2210","Plumbing Rough-In","A/P",05/17/2020,"MAT"," ",122.21,"0","10363 Ferguson Enterprises Wyoming",0,0,""
WY - Wyoming,="190253.03","Peak Mountain Plumbing","         1","NO PHASE","      2220","Plumbing Trim-Out","A/P",05/17/2020,"MAT"," ",12.36,"0","10921 Silver Creek Supply",0,0,""
WY - Wyoming,="190253.03","Peak Mountain Plumbing","         1","NO PHASE","      2220","Plumbing Trim-Out","A/P",05/17/2020,"MAT"," ",21.73,"0","10363 Ferguson Enterprises Wyoming",0,0,""
WY - Wyoming,="190481.01","555 E Hansen Mechanical","         1","NO PHASE","      2330","HVAC Forced Air","A/P",05/25/2020,"SUB"," ",6722.87,"0","11141 E1 HVAC LLC",0,0,""
WY - Wyoming,="190481.02","555 E Hansen Electrical","         1","NO PHASE","      2600","Electrical Install","A/P",05/06/2020,"MAT"," ",37.41,"0","10548 Jackson Lumber",0,0,""
WY - Wyoming,="190481.02","555 E Hansen Electrical","         1","NO PHASE","      2600","Electrical Install","A/P",05/17/2020,"MAT"," ",15.01,"0","10327 Electrical Wholesale ID",0,0,""
WY - Wyoming,="190481.02","555 E Hansen Electrical","         1","NO PHASE","      2600","Electrical Install","A/P",05/19/2020,"MAT"," ",605.81,"0","10327 Electrical Wholesale ID",0,0,""
WY - Wyoming,="190531.01","Hansen Street 120 Mechanical","         1","NO PHASE","      2330","HVAC Forced Air","A/P",05/25/2020,"SUB"," ",21756.65,"0","11141 E1 HVAC LLC",0,0,""
WY - Wyoming,="190531.03","Hansen Street 120 Plumbing","         1","NO PHASE","       195","Fuel/Parking/Mileage","A/P",05/04/2020,"OTH"," ",258.01,"0","11427 WEX Enterprise Fleet Mngt",0,0,""
WY - Wyoming,="190531.03","Hansen Street 120 Plumbing","         1","NO PHASE","       195","Fuel/Parking/Mileage","A/P",05/12/2020,"OTH"," ",93.40,"0","11427 WEX Enterprise Fleet Mngt",0,0,""
WY - Wyoming,="190531.03","Hansen Street 120 Plumbing","         1","NO PHASE","       195","Fuel/Parking/Mileage","A/P",05/21/2020,"OTH"," ",101.27,"0","11427 WEX Enterprise Fleet Mngt",0,0,""
WY - Wyoming,="190531.03","Hansen Street 120 Plumbing","         1","NO PHASE","      2210","Plumbing Rough-In","A/P",05/04/2020,"MAT"," ",101.50,"0","10921 Silver Creek Supply",0,0,""
WY - Wyoming,="190531.03","Hansen Street 120 Plumbing","         1","NO PHASE","      2210","Plumbing Rough-In","A/P",05/04/2020,"MAT"," ",101.97,"0","10921 Silver Creek Supply",0,0,""
WY - Wyoming,="190531.03","Hansen Street 120 Plumbing","         1","NO PHASE","      2210","Plumbing Rough-In","A/P",05/05/2020,"MAT"," ",176.54,"0","10921 Silver Creek Supply",0,0,""
WY - Wyoming,="190531.03","Hansen Street 120 Plumbing","         1","NO PHASE","      2210","Plumbing Rough-In","A/P",05/05/2020,"MAT"," ",305.62,"0","10921 Silver Creek Supply",0,0,""
WY - Wyoming,="190531.03","Hansen Street 120 Plumbing","         1","NO PHASE","      2210","Plumbing Rough-In","A/P",05/06/2020,"MAT"," ",18.08,"0","10921 Silver Creek Supply",0,0,""
WY - Wyoming,="190531.03","Hansen Street 120 Plumbing","         1","NO PHASE","      2210","Plumbing Rough-In","A/P",05/06/2020,"MAT"," ",736.28,"0","10921 Silver Creek Supply",0,0,""
WY - Wyoming,="190531.03","Hansen Street 120 Plumbing","         1","NO PHASE","      2210","Plumbing Rough-In","A/P",05/08/2020,"MAT"," ",297.99,"0","10363 Ferguson Enterprises Wyoming",0,0,""
WY - Wyoming,="190531.03","Hansen Street 120 Plumbing","         1","NO PHASE","      2210","Plumbing Rough-In","A/P",05/12/2020,"MAT"," ",-3.64,"0","10011 Ace Hardware",0,0,""
WY - Wyoming,="190531.03","Hansen Street 120 Plumbing","         1","NO PHASE","      2210","Plumbing Rough-In","A/P",05/12/2020,"MAT"," ",3.64,"0","10011 Ace Hardware",0,0,""
WY - Wyoming,="190531.03","Hansen Street 120 Plumbing","         1","NO PHASE","      2210","Plumbing Rough-In","A/P",05/12/2020,"MAT"," ",3.64,"0","10541 Jackson Ace Hardware",0,0,""
WY - Wyoming,="190531.03","Hansen Street 120 Plumbing","         1","NO PHASE","      2210","Plumbing Rough-In","A/P",05/12/2020,"MAT"," ",12.94,"0","10123 Bison Lumber",0,0,""
WY - Wyoming,="190531.03","Hansen Street 120 Plumbing","         1","NO PHASE","      2210","Plumbing Rough-In","A/P",05/14/2020,"MAT"," ",110.88,"0","10921 Silver Creek Supply",0,0,""
WY - Wyoming,="190531.03","Hansen Street 120 Plumbing","         1","NO PHASE","      2210","Plumbing Rough-In","A/P",05/17/2020,"MAT"," ",15.38,"0","10921 Silver Creek Supply",0,0,""
WY - Wyoming,="190531.03","Hansen Street 120 Plumbing","         1","NO PHASE","      2210","Plumbing Rough-In","A/P",05/17/2020,"MAT"," ",21.43,"0","10921 Silver Creek Supply",0,0,""
WY - Wyoming,="190531.03","Hansen Street 120 Plumbing","         1","NO PHASE","      2210","Plumbing Rough-In","A/P",05/17/2020,"MAT"," ",30.01,"0","10363 Ferguson Enterprises Wyoming",0,0,""
WY - Wyoming,="190531.03","Hansen Street 120 Plumbing","         1","NO PHASE","      2210","Plumbing Rough-In","A/P",05/17/2020,"MAT"," ",34.03,"0","10921 Silver Creek Supply",0,0,""
WY - Wyoming,="190531.03","Hansen Street 120 Plumbing","         1","NO PHASE","      2210","Plumbing Rough-In","A/P",05/17/2020,"MAT"," ",125.43,"0","10921 Silver Creek Supply",0,0,""
WY - Wyoming,="190531.03","Hansen Street 120 Plumbing","         1","NO PHASE","      2210","Plumbing Rough-In","A/P",05/17/2020,"MAT"," ",133.50,"0","10363 Ferguson Enterprises Wyoming",0,0,""
WY - Wyoming,="190531.03","Hansen Street 120 Plumbing","         1","NO PHASE","      2210","Plumbing Rough-In","A/P",05/17/2020,"MAT"," ",166.58,"0","10921 Silver Creek Supply",0,0,""
WY - Wyoming,="190531.03","Hansen Street 120 Plumbing","         1","NO PHASE","      2210","Plumbing Rough-In","A/P",05/17/2020,"MAT"," ",287.10,"0","10921 Silver Creek Supply",0,0,""
WY - Wyoming,="190531.03","Hansen Street 120 Plumbing","         1","NO PHASE","      2210","Plumbing Rough-In","A/P",05/18/2020,"MAT"," ",-63.18,"0","10921 Silver Creek Supply",0,0,""
WY - Wyoming,="190531.03","Hansen Street 120 Plumbing","         1","NO PHASE","      2210","Plumbing Rough-In","A/P",05/18/2020,"MAT"," ",16.86,"0","10921 Silver Creek Supply",0,0,""
WY - Wyoming,="190531.03","Hansen Street 120 Plumbing","         1","NO PHASE","      2210","Plumbing Rough-In","A/P",05/18/2020,"MAT"," ",63.18,"0","10921 Silver Creek Supply",0,0,""
WY - Wyoming,="190531.03","Hansen Street 120 Plumbing","         1","NO PHASE","      2210","Plumbing Rough-In","A/P",05/18/2020,"MAT"," ",65.71,"0","10921 Silver Creek Supply",0,0,""
WY - Wyoming,="190531.03","Hansen Street 120 Plumbing","         1","NO PHASE","      2210","Plumbing Rough-In","A/P",05/18/2020,"MAT"," ",108.25,"0","10921 Silver Creek Supply",0,0,""
WY - Wyoming,="190531.03","Hansen Street 120 Plumbing","         1","NO PHASE","      2210","Plumbing Rough-In","A/P",05/19/2020,"MAT"," ",-112.65,"0","10921 Silver Creek Supply",0,0,""
WY - Wyoming,="190531.03","Hansen Street 120 Plumbing","         1","NO PHASE","      2210","Plumbing Rough-In","A/P",05/19/2020,"MAT"," ",36.57,"0","10921 Silver Creek Supply",0,0,""
WY - Wyoming,="190531.03","Hansen Street 120 Plumbing","         1","NO PHASE","      2210","Plumbing Rough-In","A/P",05/19/2020,"MAT"," ",72.11,"0","10363 Ferguson Enterprises Wyoming",0,0,""
WY - Wyoming,="190531.03","Hansen Street 120 Plumbing","         1","NO PHASE","      2210","Plumbing Rough-In","A/P",05/19/2020,"MAT"," ",112.05,"0","10363 Ferguson Enterprises Wyoming",0,0,""
WY - Wyoming,="190531.03","Hansen Street 120 Plumbing","         1","NO PHASE","      2210","Plumbing Rough-In","A/P",05/19/2020,"MAT"," ",112.65,"0","10921 Silver Creek Supply",0,0,""
WY - Wyoming,="190531.03","Hansen Street 120 Plumbing","         1","NO PHASE","      2210","Plumbing Rough-In","A/P",05/19/2020,"MAT"," ",122.65,"0","10921 Silver Creek Supply",0,0,""
WY - Wyoming,="190531.03","Hansen Street 120 Plumbing","         1","NO PHASE","      2210","Plumbing Rough-In","A/P",05/20/2020,"MAT"," ",14.88,"0","10921 Silver Creek Supply",0,0,""
WY - Wyoming,="190531.03","Hansen Street 120 Plumbing","         1","NO PHASE","      2210","Plumbing Rough-In","A/P",05/20/2020,"MAT"," ",72.63,"0","10921 Silver Creek Supply",0,0,""
WY - Wyoming,="190531.03","Hansen Street 120 Plumbing","         1","NO PHASE","      2210","Plumbing Rough-In","A/P",05/20/2020,"MAT"," ",130.01,"0","10921 Silver Creek Supply",0,0,""
WY - Wyoming,="190531.03","Hansen Street 120 Plumbing","         1","NO PHASE","      2210","Plumbing Rough-In","A/P",05/21/2020,"MAT"," ",7.09,"0","10363 Ferguson Enterprises Wyoming",0,0,""
WY - Wyoming,="190531.03","Hansen Street 120 Plumbing","         1","NO PHASE","      2210","Plumbing Rough-In","A/P",05/21/2020,"MAT"," ",75.79,"0","10363 Ferguson Enterprises Wyoming",0,0,""
WY - Wyoming,="190531.03","Hansen Street 120 Plumbing","         1","NO PHASE","      2210","Plumbing Rough-In","A/P",05/26/2020,"MAT"," ",13.69,"0","10363 Ferguson Enterprises Wyoming",0,0,""
WY - Wyoming,="190531.03","Hansen Street 120 Plumbing","         1","NO PHASE","      2210","Plumbing Rough-In","A/P",05/27/2020,"MAT"," ",35.02,"0","10921 Silver Creek Supply",0,0,""
WY - Wyoming,="190537.01","Hansen Street 130 Mechanical","         1","NO PHASE","      2330","HVAC Forced Air","A/P",05/25/2020,"SUB"," ",5798.69,"0","11141 E1 HVAC LLC",0,0,""
WY - Wyoming,="190537.03","Hansen Street 130 Plumbing","         1","NO PHASE","       195","Fuel/Parking/Mileage","A/P",05/21/2020,"OTH"," ",57.47,"0","11427 WEX Enterprise Fleet Mngt",0,0,""
WY - Wyoming,="190537.03","Hansen Street 130 Plumbing","         1","NO PHASE","      2210","Plumbing Rough-In","A/P",05/17/2020,"MAT"," ",86.13,"0","10363 Ferguson Enterprises Wyoming",0,0,""
WY - Wyoming,="190537.03","Hansen Street 130 Plumbing","         1","NO PHASE","      2210","Plumbing Rough-In","A/P",05/17/2020,"MAT"," ",215.60,"0","10363 Ferguson Enterprises Wyoming",0,0,""
WY - Wyoming,="190537.03","Hansen Street 130 Plumbing","         1","NO PHASE","      2210","Plumbing Rough-In","A/P",05/28/2020,"MAT"," ",333.30,"0","10363 Ferguson Enterprises Wyoming",0,0,""
WY - Wyoming,="190538.01","3 Creek Clubhouse Mechanical","         1","NO PHASE","      2330","HVAC Forced Air","A/P",05/25/2020,"SUB"," ",18960.59,"0","11141 E1 HVAC LLC",0,0,""
WY - Wyoming,="190538.01","3 Creek Clubhouse Mechanical","         1","NO PHASE","      2370","Radiant","A/P",05/17/2020,"MAT"," ",394.40,"0","10363 Ferguson Enterprises Wyoming",0,0,""
WY - Wyoming,="190538.02","3 Creek Clubhouse Electrical","         1","NO PHASE","       192","Lodging","A/P",05/04/2020,"OTH"," ",723.60,"0","10489 Homewood Suites",0,0,""
WY - Wyoming,="190538.02","3 Creek Clubhouse Electrical","         1","NO PHASE","       194","Meals","A/P",05/04/2020,"OTH"," ",-30.24,"0","10919 Sidewinders",0,0,""
WY - Wyoming,="190538.02","3 Creek Clubhouse Electrical","         1","NO PHASE","       194","Meals","A/P",05/04/2020,"OTH"," ",30.24,"0","10919 Sidewinders",0,0,""
WY - Wyoming,="190538.02","3 Creek Clubhouse Electrical","         1","NO PHASE","       194","Meals","A/P",05/04/2020,"OTH"," ",30.24,"0","10919 Sidewinders",0,0,""
WY - Wyoming,="190538.02","3 Creek Clubhouse Electrical","         1","NO PHASE","       195","Fuel/Parking/Mileage","A/P",05/04/2020,"OTH"," ",373.98,"0","11427 WEX Enterprise Fleet Mngt",0,0,""
WY - Wyoming,="190538.02","3 Creek Clubhouse Electrical","         1","NO PHASE","       195","Fuel/Parking/Mileage","A/P",05/12/2020,"OTH"," ",158.51,"0","11427 WEX Enterprise Fleet Mngt",0,0,""
WY - Wyoming,="190538.02","3 Creek Clubhouse Electrical","         1","NO PHASE","       195","Fuel/Parking/Mileage","G/J",05/15/2020,"OTH"," ",36.27,"0","Fuel",0,0,""
WY - Wyoming,="190538.02","3 Creek Clubhouse Electrical","         1","NO PHASE","       195","Fuel/Parking/Mileage","A/P",05/21/2020,"OTH"," ",41.34,"0","11427 WEX Enterprise Fleet Mngt",0,0,""
WY - Wyoming,="190538.02","3 Creek Clubhouse Electrical","         1","NO PHASE","       195","Fuel/Parking/Mileage","A/P",05/21/2020,"OTH"," ",72.85,"0","11427 WEX Enterprise Fleet Mngt",0,0,""
WY - Wyoming,="190538.02","3 Creek Clubhouse Electrical","         1","NO PHASE","       195","Fuel/Parking/Mileage","A/P",05/21/2020,"OTH"," ",82.24,"0","11427 WEX Enterprise Fleet Mngt",0,0,""
WY - Wyoming,="190538.02","3 Creek Clubhouse Electrical","         1","NO PHASE","       195","Fuel/Parking/Mileage","A/P",05/21/2020,"OTH"," ",284.59,"0","11427 WEX Enterprise Fleet Mngt",0,0,""
WY - Wyoming,="190538.02","3 Creek Clubhouse Electrical","         1","NO PHASE","      2600","Electrical Install","A/P",05/05/2020,"MAT"," ",30.05,"0","10327 Electrical Wholesale ID",0,0,""
WY - Wyoming,="190538.02","3 Creek Clubhouse Electrical","         1","NO PHASE","      2600","Electrical Install","A/P",05/05/2020,"MAT"," ",126.29,"0","10363 Ferguson Enterprises Wyoming",0,0,""
WY - Wyoming,="190538.02","3 Creek Clubhouse Electrical","         1","NO PHASE","      2600","Electrical Install","A/P",05/06/2020,"MAT"," ",112.21,"0","10327 Electrical Wholesale ID",0,0,""
WY - Wyoming,="190538.02","3 Creek Clubhouse Electrical","         1","NO PHASE","      2600","Electrical Install","A/P",05/07/2020,"MAT"," ",56.03,"0","10327 Electrical Wholesale ID",0,0,""
WY - Wyoming,="190538.02","3 Creek Clubhouse Electrical","         1","NO PHASE","      2600","Electrical Install","A/P",05/07/2020,"MAT"," ",147.84,"0","10327 Electrical Wholesale ID",0,0,""
WY - Wyoming,="190538.02","3 Creek Clubhouse Electrical","         1","NO PHASE","      2600","Electrical Install","A/P",05/07/2020,"MAT"," ",23096.06,"0","10327 Electrical Wholesale ID",0,0,""
WY - Wyoming,="190538.02","3 Creek Clubhouse Electrical","         1","NO PHASE","      2600","Electrical Install","A/P",05/08/2020,"MAT"," ",14.26,"0","10363 Ferguson Enterprises Wyoming",0,0,""
WY - Wyoming,="190538.02","3 Creek Clubhouse Electrical","         1","NO PHASE","      2600","Electrical Install","A/P",05/08/2020,"MAT"," ",175.01,"0","10327 Electrical Wholesale ID",0,0,""
WY - Wyoming,="190538.02","3 Creek Clubhouse Electrical","         1","NO PHASE","      2600","Electrical Install","A/P",05/17/2020,"MAT"," ",5.09,"0","10327 Electrical Wholesale ID",0,0,""
WY - Wyoming,="190538.02","3 Creek Clubhouse Electrical","         1","NO PHASE","      2600","Electrical Install","A/P",05/17/2020,"MAT"," ",6.66,"0","10327 Electrical Wholesale ID",0,0,""
WY - Wyoming,="190538.02","3 Creek Clubhouse Electrical","         1","NO PHASE","      2600","Electrical Install","A/P",05/17/2020,"MAT"," ",28.68,"0","10327 Electrical Wholesale ID",0,0,""
WY - Wyoming,="190538.02","3 Creek Clubhouse Electrical","         1","NO PHASE","      2600","Electrical Install","A/P",05/17/2020,"MAT"," ",37.03,"0","10327 Electrical Wholesale ID",0,0,""
WY - Wyoming,="190538.02","3 Creek Clubhouse Electrical","         1","NO PHASE","      2600","Electrical Install","A/P",05/17/2020,"MAT"," ",37.88,"0","10327 Electrical Wholesale ID",0,0,""
WY - Wyoming,="190538.02","3 Creek Clubhouse Electrical","         1","NO PHASE","      2600","Electrical Install","A/P",05/17/2020,"MAT"," ",54.61,"0","10327 Electrical Wholesale ID",0,0,""
WY - Wyoming,="190538.02","3 Creek Clubhouse Electrical","         1","NO PHASE","      2600","Electrical Install","A/P",05/17/2020,"MAT"," ",83.69,"0","10327 Electrical Wholesale ID",0,0,""
WY - Wyoming,="190538.02","3 Creek Clubhouse Electrical","         1","NO PHASE","      2600","Electrical Install","A/P",05/17/2020,"MAT"," ",83.69,"0","10327 Electrical Wholesale ID",0,0,""
WY - Wyoming,="190538.02","3 Creek Clubhouse Electrical","         1","NO PHASE","      2600","Electrical Install","A/P",05/17/2020,"MAT"," ",102.62,"0","10327 Electrical Wholesale ID",0,0,""
WY - Wyoming,="190538.02","3 Creek Clubhouse Electrical","         1","NO PHASE","      2600","Electrical Install","A/P",05/17/2020,"MAT"," ",134.23,"0","10327 Electrical Wholesale ID",0,0,""
WY - Wyoming,="190538.02","3 Creek Clubhouse Electrical","         1","NO PHASE","      2600","Electrical Install","A/P",05/17/2020,"MAT"," ",187.63,"0","10327 Electrical Wholesale ID",0,0,""
WY - Wyoming,="190538.02","3 Creek Clubhouse Electrical","         1","NO PHASE","      2600","Electrical Install","A/P",05/17/2020,"MAT"," ",212.93,"0","10327 Electrical Wholesale ID",0,0,""
WY - Wyoming,="190538.02","3 Creek Clubhouse Electrical","         1","NO PHASE","      2600","Electrical Install","A/P",05/17/2020,"MAT"," ",253.35,"0","10327 Electrical Wholesale ID",0,0,""
WY - Wyoming,="190538.02","3 Creek Clubhouse Electrical","         1","NO PHASE","      2600","Electrical Install","A/P",05/17/2020,"MAT"," ",256.08,"0","10363 Ferguson Enterprises Wyoming",0,0,""
WY - Wyoming,="190538.02","3 Creek Clubhouse Electrical","         1","NO PHASE","      2600","Electrical Install","A/P",05/17/2020,"MAT"," ",520.22,"0","10327 Electrical Wholesale ID",0,0,""
WY - Wyoming,="190538.02","3 Creek Clubhouse Electrical","         1","NO PHASE","      2600","Electrical Install","A/P",05/17/2020,"MAT"," ",7526.00,"0","10327 Electrical Wholesale ID",0,0,""
WY - Wyoming,="190538.02","3 Creek Clubhouse Electrical","         1","NO PHASE","      2600","Electrical Install","A/P",05/18/2020,"MAT"," ",10.06,"0","10327 Electrical Wholesale ID",0,0,""
WY - Wyoming,="190538.02","3 Creek Clubhouse Electrical","         1","NO PHASE","      2600","Electrical Install","A/P",05/19/2020,"MAT"," ",20.79,"0","10327 Electrical Wholesale ID",0,0,""
WY - Wyoming,="190538.02","3 Creek Clubhouse Electrical","         1","NO PHASE","      2600","Electrical Install","A/P",05/19/2020,"MAT"," ",76.74,"0","10327 Electrical Wholesale ID",0,0,""
WY - Wyoming,="190538.02","3 Creek Clubhouse Electrical","         1","NO PHASE","      2600","Electrical Install","A/P",05/19/2020,"MAT"," ",258.70,"0","10327 Electrical Wholesale ID",0,0,""
WY - Wyoming,="190538.02","3 Creek Clubhouse Electrical","         1","NO PHASE","      2600","Electrical Install","A/P",05/19/2020,"MAT"," ",1410.07,"0","10327 Electrical Wholesale ID",0,0,""
WY - Wyoming,="190538.02","3 Creek Clubhouse Electrical","         1","NO PHASE","      2600","Electrical Install","A/P",05/20/2020,"MAT"," ",-21.73,"0","10327 Electrical Wholesale ID",0,0,""
WY - Wyoming,="190538.02","3 Creek Clubhouse Electrical","         1","NO PHASE","      2600","Electrical Install","A/P",05/20/2020,"MAT"," ",-14.48,"0","10327 Electrical Wholesale ID",0,0,""
WY - Wyoming,="190538.02","3 Creek Clubhouse Electrical","         1","NO PHASE","      2600","Electrical Install","A/P",05/20/2020,"MAT"," ",14.18,"0","10327 Electrical Wholesale ID",0,0,""
WY - Wyoming,="190538.02","3 Creek Clubhouse Electrical","         1","NO PHASE","      2600","Electrical Install","A/P",05/20/2020,"MAT"," ",14.48,"0","10327 Electrical Wholesale ID",0,0,""
WY - Wyoming,="190538.02","3 Creek Clubhouse Electrical","         1","NO PHASE","      2600","Electrical Install","A/P",05/20/2020,"MAT"," ",21.73,"0","10327 Electrical Wholesale ID",0,0,""
WY - Wyoming,="190538.02","3 Creek Clubhouse Electrical","         1","NO PHASE","      2600","Electrical Install","A/P",05/20/2020,"MAT"," ",85.28,"0","10327 Electrical Wholesale ID",0,0,""
WY - Wyoming,="190538.02","3 Creek Clubhouse Electrical","         1","NO PHASE","      2600","Electrical Install","A/P",05/20/2020,"MAT"," ",383.94,"0","10327 Electrical Wholesale ID",0,0,""
WY - Wyoming,="190538.02","3 Creek Clubhouse Electrical","         1","NO PHASE","      2600","Electrical Install","A/P",05/21/2020,"MAT"," ",5.79,"0","10327 Electrical Wholesale ID",0,0,""
WY - Wyoming,="190538.02","3 Creek Clubhouse Electrical","         1","NO PHASE","      2600","Electrical Install","A/P",05/21/2020,"MAT"," ",32.43,"0","10123 Bison Lumber",0,0,""
WY - Wyoming,="190538.02","3 Creek Clubhouse Electrical","         1","NO PHASE","      2600","Electrical Install","A/P",05/21/2020,"MAT"," ",120.95,"0","10819 Platt",0,0,""
WY - Wyoming,="190538.02","3 Creek Clubhouse Electrical","         1","NO PHASE","      2600","Electrical Install","A/P",05/21/2020,"MAT"," ",122.31,"0","10819 Platt",0,0,""
WY - Wyoming,="190538.02","3 Creek Clubhouse Electrical","         1","NO PHASE","      2600","Electrical Install","A/P",05/21/2020,"MAT"," ",370.13,"0","10819 Platt",0,0,""
WY - Wyoming,="190538.02","3 Creek Clubhouse Electrical","         1","NO PHASE","      2600","Electrical Install","A/P",05/22/2020,"MAT"," ",12.34,"0","10819 Platt",0,0,""
WY - Wyoming,="190538.02","3 Creek Clubhouse Electrical","         1","NO PHASE","      2600","Electrical Install","A/P",05/22/2020,"MAT"," ",13.63,"0","10327 Electrical Wholesale ID",0,0,""
WY - Wyoming,="190538.02","3 Creek Clubhouse Electrical","         1","NO PHASE","      2600","Electrical Install","A/P",05/22/2020,"MAT"," ",52.19,"0","10327 Electrical Wholesale ID",0,0,""
WY - Wyoming,="190538.02","3 Creek Clubhouse Electrical","         1","NO PHASE","      2600","Electrical Install","A/P",05/22/2020,"MAT"," ",202.83,"0","10327 Electrical Wholesale ID",0,0,""
WY - Wyoming,="190538.02","3 Creek Clubhouse Electrical","         1","NO PHASE","      2600","Electrical Install","A/P",05/22/2020,"MAT"," ",287.09,"0","10819 Platt",0,0,""
WY - Wyoming,="190538.02","3 Creek Clubhouse Electrical","         1","NO PHASE","      2600","Electrical Install","A/P",05/22/2020,"MAT"," ",482.79,"0","10819 Platt",0,0,""
WY - Wyoming,="190538.02","3 Creek Clubhouse Electrical","         1","NO PHASE","      2600","Electrical Install","A/P",05/22/2020,"MAT"," ",988.24,"0","10327 Electrical Wholesale ID",0,0,""
WY - Wyoming,="190538.02","3 Creek Clubhouse Electrical","         1","NO PHASE","      2600","Electrical Install","A/P",05/25/2020,"MAT"," ",91.12,"0","10819 Platt",0,0,""
WY - Wyoming,="190538.02","3 Creek Clubhouse Electrical","         1","NO PHASE","      2600","Electrical Install","A/P",05/26/2020,"MAT"," ",1.07,"0","10327 Electrical Wholesale ID",0,0,""
WY - Wyoming,="190538.02","3 Creek Clubhouse Electrical","         1","NO PHASE","      2600","Electrical Install","A/P",05/26/2020,"MAT"," ",5.08,"0","10327 Electrical Wholesale ID",0,0,""
WY - Wyoming,="190538.02","3 Creek Clubhouse Electrical","         1","NO PHASE","      2600","Electrical Install","A/P",05/26/2020,"MAT"," ",13.47,"0","10327 Electrical Wholesale ID",0,0,""
WY - Wyoming,="190538.02","3 Creek Clubhouse Electrical","         1","NO PHASE","      2600","Electrical Install","A/P",05/26/2020,"MAT"," ",18.77,"0","10327 Electrical Wholesale ID",0,0,""
WY - Wyoming,="190538.02","3 Creek Clubhouse Electrical","         1","NO PHASE","      2600","Electrical Install","A/P",05/26/2020,"MAT"," ",143.17,"0","10327 Electrical Wholesale ID",0,0,""
WY - Wyoming,="190538.02","3 Creek Clubhouse Electrical","         1","NO PHASE","      2600","Electrical Install","A/P",05/26/2020,"MAT"," ",292.90,"0","10327 Electrical Wholesale ID",0,0,""
WY - Wyoming,="190538.02","3 Creek Clubhouse Electrical","         1","NO PHASE","      2600","Electrical Install","A/P",05/26/2020,"MAT"," ",538.42,"0","10327 Electrical Wholesale ID",0,0,""
WY - Wyoming,="190538.02","3 Creek Clubhouse Electrical","         1","NO PHASE","      2600","Electrical Install","A/P",05/27/2020,"MAT"," ",16.22,"0","10327 Electrical Wholesale ID",0,0,""
WY - Wyoming,="190538.02","3 Creek Clubhouse Electrical","         1","NO PHASE","      2600","Electrical Install","A/P",05/27/2020,"MAT"," ",51.74,"0","10327 Electrical Wholesale ID",0,0,""
WY - Wyoming,="190538.02","3 Creek Clubhouse Electrical","         1","NO PHASE","      2600","Electrical Install","A/P",05/27/2020,"MAT"," ",67.15,"0","10327 Electrical Wholesale ID",0,0,""
WY - Wyoming,="190538.02","3 Creek Clubhouse Electrical","         1","NO PHASE","      2600","Electrical Install","A/P",05/27/2020,"MAT"," ",331.66,"0","10327 Electrical Wholesale ID",0,0,""
WY - Wyoming,="190538.02","3 Creek Clubhouse Electrical","         1","NO PHASE","      2600","Electrical Install","A/P",05/28/2020,"MAT"," ",17.03,"0","10327 Electrical Wholesale ID",0,0,""
WY - Wyoming,="190538.02","3 Creek Clubhouse Electrical","         1","NO PHASE","      2600","Electrical Install","A/P",05/28/2020,"MAT"," ",111.09,"0","10327 Electrical Wholesale ID",0,0,""
WY - Wyoming,="190538.02","3 Creek Clubhouse Electrical","         1","NO PHASE","      2600","Electrical Install","A/P",05/28/2020,"MAT"," ",204.77,"0","10327 Electrical Wholesale ID",0,0,""
WY - Wyoming,="190538.02","3 Creek Clubhouse Electrical","         1","NO PHASE","      2600","Electrical Install","A/P",05/28/2020,"MAT"," ",226.15,"0","10327 Electrical Wholesale ID",0,0,""
WY - Wyoming,="190538.02","3 Creek Clubhouse Electrical","         1","NO PHASE","      2600","Electrical Install","A/P",05/28/2020,"MAT"," ",4312.54,"0","11245 Gustave A Larson",0,0,""
WY - Wyoming,="190538.02","3 Creek Clubhouse Electrical","         1","NO PHASE","      2600","Electrical Install","A/P",05/15/2020,"SUB"," ",2583.90,"46.98","11141 E1 HVAC LLC",0,0,""
WY - Wyoming,="190538.02","3 Creek Clubhouse Electrical","         1","NO PHASE","      2600","Electrical Install","A/P",05/22/2020,"SUB"," ",1114.50,"30.00","11573 Greiner Electric of WY LLC",0,0,""
WY - Wyoming,="190538.02","3 Creek Clubhouse Electrical","         1","NO PHASE","      2600","Electrical Install","A/P",06/01/2020,"SUB"," ",1948.65,"35.43","11141 E1 HVAC LLC",0,0,""
WY - Wyoming,="190538.02","3 Creek Clubhouse Electrical","         1","NO PHASE","      2605","Electrical Misc","A/P",05/15/2020,"MAT"," ",45.10,"0","10819 Platt",0,0,""
WY - Wyoming,="190538.02","3 Creek Clubhouse Electrical","         1","NO PHASE","      2605","Electrical Misc","A/P",05/20/2020,"REQ"," ",51.94,"0","10999 Teton Rental",0,0,""
WY - Wyoming,="190538.02","3 Creek Clubhouse Electrical","         1","NO PHASE","      2605","Electrical Misc","A/P",05/20/2020,"REQ"," ",55.06,"0","10999 Teton Rental",0,0,""
WY - Wyoming,="190538.02","3 Creek Clubhouse Electrical","         1","NO PHASE","      2605","Electrical Misc","A/P",05/21/2020,"REQ"," ",-51.94,"0","10999 Teton Rental",0,0,""
WY - Wyoming,="190538.02","3 Creek Clubhouse Electrical","         1","NO PHASE","      2699","Electrical Add Scope","A/P",05/05/2020,"MAT"," ",127.52,"0","10327 Electrical Wholesale ID",0,0,""
WY - Wyoming,="190538.02","3 Creek Clubhouse Electrical","         1","NO PHASE","      2699","Electrical Add Scope","A/P",05/07/2020,"MAT"," ",57.77,"0","10327 Electrical Wholesale ID",0,0,""
WY - Wyoming,="190538.02","3 Creek Clubhouse Electrical","         1","NO PHASE","      2699","Electrical Add Scope","A/P",05/17/2020,"MAT"," ",32.11,"0","10327 Electrical Wholesale ID",0,0,""
WY - Wyoming,="190538.02","3 Creek Clubhouse Electrical","         1","NO PHASE","      2699","Electrical Add Scope","A/P",05/17/2020,"MAT"," ",36.44,"0","10327 Electrical Wholesale ID",0,0,""
WY - Wyoming,="190538.02","3 Creek Clubhouse Electrical","         1","NO PHASE","      2699","Electrical Add Scope","A/P",05/28/2020,"MAT"," ",14.83,"0","10327 Electrical Wholesale ID",0,0,""
WY - Wyoming,="190538.02","3 Creek Clubhouse Electrical","         1","NO PHASE","      2699","Electrical Add Scope","A/P",05/29/2020,"MAT"," ",61.36,"0","10327 Electrical Wholesale ID",0,0,""
WY - Wyoming,="190538.02","3 Creek Clubhouse Electrical","         1","NO PHASE","      2699","Electrical Add Scope","A/P",05/29/2020,"MAT"," ",277.83,"0","10327 Electrical Wholesale ID",0,0,""
WY - Wyoming,="190538.03","3 Creek Clubhouse Plumbing","         1","NO PHASE","       195","Fuel/Parking/Mileage","A/P",05/04/2020,"OTH"," ",292.26,"0","11427 WEX Enterprise Fleet Mngt",0,0,""
WY - Wyoming,="190538.03","3 Creek Clubhouse Plumbing","         1","NO PHASE","       195","Fuel/Parking/Mileage","A/P",05/12/2020,"OTH"," ",110.01,"0","11427 WEX Enterprise Fleet Mngt",0,0,""
WY - Wyoming,="190538.03","3 Creek Clubhouse Plumbing","         1","NO PHASE","      2210","Plumbing Rough-In","A/P",05/04/2020,"MAT"," ",5.48,"0","10921 Silver Creek Supply",0,0,""
WY - Wyoming,="190538.03","3 Creek Clubhouse Plumbing","         1","NO PHASE","      2210","Plumbing Rough-In","A/P",05/04/2020,"MAT"," ",8.48,"0","10957 Standard Plumbing",0,0,""
WY - Wyoming,="190538.03","3 Creek Clubhouse Plumbing","         1","NO PHASE","      2210","Plumbing Rough-In","A/P",05/05/2020,"MAT"," ",68.59,"0","10363 Ferguson Enterprises Wyoming",0,0,""
WY - Wyoming,="190538.03","3 Creek Clubhouse Plumbing","         1","NO PHASE","      2210","Plumbing Rough-In","A/P",05/06/2020,"MAT"," ",24.24,"0","10363 Ferguson Enterprises Wyoming",0,0,""
WY - Wyoming,="190538.03","3 Creek Clubhouse Plumbing","         1","NO PHASE","      2210","Plumbing Rough-In","A/P",05/17/2020,"MAT"," ",147.69,"0","10363 Ferguson Enterprises Wyoming",0,0,""
WY - Wyoming,="190538.03","3 Creek Clubhouse Plumbing","         1","NO PHASE","      2210","Plumbing Rough-In","A/P",05/21/2020,"MAT"," ",34.35,"0","10363 Ferguson Enterprises Wyoming",0,0,""
WY - Wyoming,="190538.03","3 Creek Clubhouse Plumbing","         1","NO PHASE","      2210","Plumbing Rough-In","A/P",05/21/2020,"MAT"," ",62.91,"0","10363 Ferguson Enterprises Wyoming",0,0,""
WY - Wyoming,="190538.03","3 Creek Clubhouse Plumbing","         1","NO PHASE","      2210","Plumbing Rough-In","A/P",05/21/2020,"MAT"," ",256.99,"0","10363 Ferguson Enterprises Wyoming",0,0,""
WY - Wyoming,="190538.03","3 Creek Clubhouse Plumbing","         1","NO PHASE","      2210","Plumbing Rough-In","A/P",05/28/2020,"MAT"," ",124.88,"0","10363 Ferguson Enterprises Wyoming",0,0,""
WY - Wyoming,="190538.03","3 Creek Clubhouse Plumbing","         1","NO PHASE","      2210","Plumbing Rough-In","A/P",05/28/2020,"MAT"," ",158.87,"0","10363 Ferguson Enterprises Wyoming",0,0,""
WY - Wyoming,="190538.03","3 Creek Clubhouse Plumbing","         1","NO PHASE","      2210","Plumbing Rough-In","A/P",05/29/2020,"MAT"," ",267.49,"0","10363 Ferguson Enterprises Wyoming",0,0,""
WY - Wyoming,="190538.03","3 Creek Clubhouse Plumbing","         1","NO PHASE","      2210","Plumbing Rough-In","A/P",05/29/2020,"MAT"," ",338.82,"0","10363 Ferguson Enterprises Wyoming",0,0,""
WY - Wyoming,="190538.03","3 Creek Clubhouse Plumbing","         1","NO PHASE","      2241","Plumbing Fixtures","A/P",05/17/2020,"MAT"," ",1911.42,"0","10315 Earth Elements",0,0,""
WY - Wyoming,="190538.03","3 Creek Clubhouse Plumbing","         1","NO PHASE","      2241","Plumbing Fixtures","A/P",05/25/2020,"MAT"," ",1017.23,"0","10315 Earth Elements",0,0,""
WY - Wyoming,="190538.03","3 Creek Clubhouse Plumbing","         1","NO PHASE","      2299","Additional Scope Plumbing","A/P",05/14/2020,"MAT"," ",154.47,"0","10363 Ferguson Enterprises Wyoming",0,0,""
WY - Wyoming,="190538.03","3 Creek Clubhouse Plumbing","         1","NO PHASE","      2299","Additional Scope Plumbing","A/P",05/17/2020,"MAT"," ",56.47,"0","10363 Ferguson Enterprises Wyoming",0,0,""
WY - Wyoming,="190538.03","3 Creek Clubhouse Plumbing","         1","NO PHASE","      2299","Additional Scope Plumbing","A/P",05/17/2020,"MAT"," ",146.63,"0","10363 Ferguson Enterprises Wyoming",0,0,""
WY - Wyoming,="190538.03","3 Creek Clubhouse Plumbing","         1","NO PHASE","      2299","Additional Scope Plumbing","A/P",05/19/2020,"MAT"," ",59.93,"0","10921 Silver Creek Supply",0,0,""
WY - Wyoming,="190582.01","557 E Hansen Mechanical","         1","NO PHASE","      2330","HVAC Forced Air","A/P",05/25/2020,"SUB"," ",7074.06,"0","11141 E1 HVAC LLC",0,0,""
WY - Wyoming,="190582.02","557 E Hansen Electrical","         1","NO PHASE","      2600","Electrical Install","A/P",05/05/2020,"MAT"," ",61.26,"0","10327 Electrical Wholesale ID",0,0,""
WY - Wyoming,="190582.02","557 E Hansen Electrical","         1","NO PHASE","      2600","Electrical Install","A/P",05/05/2020,"MAT"," ",153.15,"0","10327 Electrical Wholesale ID",0,0,""
WY - Wyoming,="190582.02","557 E Hansen Electrical","         1","NO PHASE","      2600","Electrical Install","A/P",05/05/2020,"MAT"," ",214.41,"0","10327 Electrical Wholesale ID",0,0,""
WY - Wyoming,="190582.02","557 E Hansen Electrical","         1","NO PHASE","      2600","Electrical Install","A/P",05/06/2020,"MAT"," ",1.05,"0","10327 Electrical Wholesale ID",0,0,""
WY - Wyoming,="190582.02","557 E Hansen Electrical","         1","NO PHASE","      2600","Electrical Install","A/P",05/17/2020,"MAT"," ",-21121.01,"0","10327 Electrical Wholesale ID",0,0,""
WY - Wyoming,="190582.02","557 E Hansen Electrical","         1","NO PHASE","      2600","Electrical Install","A/P",05/17/2020,"MAT"," ",20.03,"0","10819 Platt",0,0,""
WY - Wyoming,="190582.02","557 E Hansen Electrical","         1","NO PHASE","      2600","Electrical Install","A/P",05/17/2020,"MAT"," ",31.02,"0","10819 Platt",0,0,""
WY - Wyoming,="190582.02","557 E Hansen Electrical","         1","NO PHASE","      2600","Electrical Install","A/P",05/17/2020,"MAT"," ",21121.01,"0","10327 Electrical Wholesale ID",0,0,""
WY - Wyoming,="190582.02","557 E Hansen Electrical","         1","NO PHASE","      2600","Electrical Install","A/P",05/19/2020,"MAT"," ",466.44,"0","10327 Electrical Wholesale ID",0,0,""
WY - Wyoming,="190582.02","557 E Hansen Electrical","         1","NO PHASE","      2600","Electrical Install","A/P",05/19/2020,"MAT"," ",2021.92,"0","10327 Electrical Wholesale ID",0,0,""
WY - Wyoming,="190582.02","557 E Hansen Electrical","         1","NO PHASE","      2600","Electrical Install","A/P",05/26/2020,"MAT"," ",194.60,"0","10327 Electrical Wholesale ID",0,0,""
WY - Wyoming,="190582.02","557 E Hansen Electrical","         1","NO PHASE","      2641","Recessed Fixtures","A/P",05/17/2020,"MAT"," ",21121.01,"0","10327 Electrical Wholesale ID",0,0,""
WY - Wyoming,="200033.01","Sam Louis Ranch T&M Mechanical","         1","NO PHASE","      2330","HVAC Forced Air","A/P",05/10/2020,"SUB"," ",10964.92,"0","11141 E1 HVAC LLC",0,0,""
WY - Wyoming,="200033.03","Sam Louis Ranch T&M Plumbing","         1","NO PHASE","       195","Fuel/Parking/Mileage","A/P",05/04/2020,"OTH"," ",37.15,"0","11427 WEX Enterprise Fleet Mngt",0,0,""
WY - Wyoming,="200033.03","Sam Louis Ranch T&M Plumbing","         1","NO PHASE","      2210","Plumbing Rough-In","A/P",05/05/2020,"MAT"," ",22.62,"0","10363 Ferguson Enterprises Wyoming",0,0,""
WY - Wyoming,="200033.03","Sam Louis Ranch T&M Plumbing","         1","NO PHASE","      2210","Plumbing Rough-In","A/P",05/26/2020,"MAT"," ",202.20,"0","10363 Ferguson Enterprises Wyoming",0,0,""
WY - Wyoming,="200033.03","Sam Louis Ranch T&M Plumbing","         1","NO PHASE","      2210","Plumbing Rough-In","A/P",05/28/2020,"MAT"," ",42.18,"0","10363 Ferguson Enterprises Wyoming",0,0,""
WY - Wyoming,="200036.02","TCSD #1 Employee Housing Elec","         1","NO PHASE","      2600","Electrical Install","A/P",05/04/2020,"MAT"," ",13.23,"0","10548 Jackson Lumber",0,0,""
WY - Wyoming,="200036.02","TCSD #1 Employee Housing Elec","         1","NO PHASE","      2600","Electrical Install","A/P",05/04/2020,"MAT"," ",16.26,"0","10327 Electrical Wholesale ID",0,0,""
WY - Wyoming,="200036.02","TCSD #1 Employee Housing Elec","         1","NO PHASE","      2600","Electrical Install","A/P",05/05/2020,"MAT"," ",45.48,"0","10363 Ferguson Enterprises Wyoming",0,0,""
WY - Wyoming,="200036.02","TCSD #1 Employee Housing Elec","         1","NO PHASE","      2600","Electrical Install","A/P",05/22/2020,"SUB"," ",3457.00,"50.00","11573 Greiner Electric of WY LLC",0,0,""
WY - Wyoming,="200036.02","TCSD #1 Employee Housing Elec","         1","NO PHASE","      2605","Electrical Misc","A/P",05/04/2020,"MAT"," ",6.15,"0","10921 Silver Creek Supply",0,0,""
WY - Wyoming,="200036.02","TCSD #1 Employee Housing Elec","         1","NO PHASE","      2699","Electrical Add Scope","A/P",05/28/2020,"MAT"," ",303.11,"0","10327 Electrical Wholesale ID",0,0,""
WY - Wyoming,="200079.02","Kemmerer Electrical","         1","NO PHASE","       195","Fuel/Parking/Mileage","A/P",05/04/2020,"OTH"," ",103.63,"0","11427 WEX Enterprise Fleet Mngt",0,0,""
WY - Wyoming,="200079.02","Kemmerer Electrical","         1","NO PHASE","       195","Fuel/Parking/Mileage","A/P",05/12/2020,"OTH"," ",41.38,"0","11427 WEX Enterprise Fleet Mngt",0,0,""
WY - Wyoming,="200079.02","Kemmerer Electrical","         1","NO PHASE","       195","Fuel/Parking/Mileage","P/R",05/15/2020,"OTH","LAB MILE",34.50,"0","1158 Hammond, Tyson",0,0,""
WY - Wyoming,="200079.02","Kemmerer Electrical","         1","NO PHASE","       195","Fuel/Parking/Mileage","A/P",05/21/2020,"OTH"," ",57.49,"0","11427 WEX Enterprise Fleet Mngt",0,0,""
WY - Wyoming,="200079.02","Kemmerer Electrical","         1","NO PHASE","      2600","Electrical Install","A/P",05/04/2020,"MAT"," ",31.12,"0","10327 Electrical Wholesale ID",0,0,""
WY - Wyoming,="200079.02","Kemmerer Electrical","         1","NO PHASE","      2600","Electrical Install","A/P",05/07/2020,"MAT"," ",393.72,"0","10327 Electrical Wholesale ID",0,0,""
WY - Wyoming,="200079.02","Kemmerer Electrical","         1","NO PHASE","      2600","Electrical Install","A/P",05/17/2020,"MAT"," ",3.22,"0","10327 Electrical Wholesale ID",0,0,""
WY - Wyoming,="200079.02","Kemmerer Electrical","         1","NO PHASE","      2600","Electrical Install","A/P",05/17/2020,"MAT"," ",5.64,"0","10327 Electrical Wholesale ID",0,0,""
WY - Wyoming,="200079.02","Kemmerer Electrical","         1","NO PHASE","      2600","Electrical Install","A/P",05/17/2020,"MAT"," ",8.85,"0","10327 Electrical Wholesale ID",0,0,""
WY - Wyoming,="200079.02","Kemmerer Electrical","         1","NO PHASE","      2600","Electrical Install","A/P",05/17/2020,"MAT"," ",11.65,"0","10327 Electrical Wholesale ID",0,0,""
WY - Wyoming,="200079.02","Kemmerer Electrical","         1","NO PHASE","      2600","Electrical Install","A/P",05/17/2020,"MAT"," ",20.03,"0","10327 Electrical Wholesale ID",0,0,""
WY - Wyoming,="200079.02","Kemmerer Electrical","         1","NO PHASE","      2600","Electrical Install","A/P",05/19/2020,"MAT"," ",0.73,"0","10327 Electrical Wholesale ID",0,0,""
WY - Wyoming,="200079.02","Kemmerer Electrical","         1","NO PHASE","      2600","Electrical Install","A/P",05/26/2020,"MAT"," ",46.42,"0","10327 Electrical Wholesale ID",0,0,""
WY - Wyoming,="200079.02","Kemmerer Electrical","         1","NO PHASE","      2600","Electrical Install","A/P",05/26/2020,"MAT"," ",55.61,"0","10327 Electrical Wholesale ID",0,0,""
WY - Wyoming,="200079.02","Kemmerer Electrical","         1","NO PHASE","      2600","Electrical Install","A/P",05/26/2020,"MAT"," ",64.21,"0","10327 Electrical Wholesale ID",0,0,""
WY - Wyoming,="200079.02","Kemmerer Electrical","         1","NO PHASE","      2600","Electrical Install","A/P",05/26/2020,"MAT"," ",111.22,"0","10327 Electrical Wholesale ID",0,0,""
WY - Wyoming,="200079.02","Kemmerer Electrical","         1","NO PHASE","      2600","Electrical Install","A/P",05/26/2020,"MAT"," ",174.67,"0","10327 Electrical Wholesale ID",0,0,""
WY - Wyoming,="200079.02","Kemmerer Electrical","         1","NO PHASE","      2600","Electrical Install","A/P",05/26/2020,"MAT"," ",321.15,"0","10327 Electrical Wholesale ID",0,0,""
WY - Wyoming,="200079.02","Kemmerer Electrical","         1","NO PHASE","      2600","Electrical Install","A/P",05/27/2020,"MAT"," ",61.42,"0","10327 Electrical Wholesale ID",0,0,""
WY - Wyoming,="200154.01","Ladd Remodel Mechanical","         1","NO PHASE","       195","Fuel/Parking/Mileage","A/P",05/04/2020,"OTH"," ",27.78,"0","11427 WEX Enterprise Fleet Mngt",0,0,""
WY - Wyoming,="200154.01","Ladd Remodel Mechanical","         1","NO PHASE","      2370","Radiant","A/P",05/17/2020,"MAT"," ",13.42,"0","10363 Ferguson Enterprises Wyoming",0,0,""
WY - Wyoming,="200154.01","Ladd Remodel Mechanical","         1","NO PHASE","      2370","Radiant","A/P",05/17/2020,"MAT"," ",82.21,"0","10363 Ferguson Enterprises Wyoming",0,0,""
WY - Wyoming,="200154.03","Ladd Remodel Plumbing","         1","NO PHASE","       195","Fuel/Parking/Mileage","A/P",05/04/2020,"OTH"," ",59.49,"0","11427 WEX Enterprise Fleet Mngt",0,0,""
WY - Wyoming,="200154.03","Ladd Remodel Plumbing","         1","NO PHASE","       195","Fuel/Parking/Mileage","A/P",05/12/2020,"OTH"," ",19.64,"0","11427 WEX Enterprise Fleet Mngt",0,0,""
WY - Wyoming,="200155.04","New Fork Ranch Power System","         1","NO PHASE","      2905","Solar Ground Install","A/P",05/22/2020,"MAT"," ",4015.92,"0","10939 Soligent LLC",0,0,""
WY - Wyoming,="200155.04","New Fork Ranch Power System","         1","NO PHASE","      2905","Solar Ground Install","G/L",06/01/2020,"MAT"," ",2600.00,"0","2 x SB 5.0",0,0,""
WY - Wyoming,="200155.04","New Fork Ranch Power System","         1","NO PHASE","      2905","Solar Ground Install","A/P",06/01/2020,"EQ"," ",21788.26,"0","11597 MT Solar",0,0,""
WY - Wyoming,="200155.04","New Fork Ranch Power System","         1","NO PHASE","      2905","Solar Ground Install","A/P",05/20/2020,"OTH"," ",745.00,"0","11588 MT Solar LLC",0,0,""
WY - Wyoming,="200155.04","New Fork Ranch Power System","         1","NO PHASE","      2950","Tesla Powerwall Install","G/L",06/01/2020,"MAT"," ",6500.00,"0","1 Powerwall",0,0,""
